Model,Accuracy
Logistic Regression,0.9584208052639824
Naive Bayes,0.9496161679461068
SVM,0.9606454645151182
Random Forest,0.9575434748550838